sponsor_name,total_rows,matched_rows,repriced_rows,churn_rows,repricing_share_of_matched,churn_share_of_total,segment
"HEALTHSPRING LIFE & HEALTH INSURANCE COMPANY, INC.",2361642,1197342,1168802,1164300,0.976164,0.493004,churn_dominant
MEDCO CONTAINMENT LIFE AND MEDCO CONTAINMENT NY,1077057,562374,553380,514683,0.984007,0.477861,churn_dominant
HIGHMARK SENIOR HEALTH COMPANY,788904,172575,168326,616329,0.975379,0.781247,churn_dominant
"SIMPLY HEALTHCARE PLANS, INC.",646119,345411,338740,300708,0.980687,0.465407,churn_dominant
AETNA HEALTH INC. (FL),615975,287307,263738,328668,0.917966,0.533574,churn_dominant
"ANTHEM INSURANCE COMPANIES, INC.",500928,132288,129196,368640,0.976627,0.735914,churn_dominant
UNITEDHEALTHCARE INSURANCE COMPANY,389772,195285,195107,194487,0.999089,0.498976,churn_dominant
"HEALTHSPRING OF FLORIDA, INC.",355041,136539,132716,218502,0.972001,0.615428,churn_dominant
HIGHMARK CHOICE COMPANY,337488,159528,155247,177960,0.973165,0.527308,churn_dominant
"DEVOTED HEALTH PLAN OF TEXAS, INC.",329478,137052,119793,192426,0.87407,0.584033,churn_dominant
CAPITAL ADVANTAGE INSURANCE COMPANY,322527,20514,20304,302013,0.989763,0.936396,churn_dominant
"Sunshine State Health Plan, Inc.",307947,151287,148126,156660,0.979106,0.508724,churn_dominant
CARITEN HEALTH PLAN INC.,294380,57330,53915,237050,0.940433,0.805252,churn_dominant
AETNA HEALTH OF OHIO INC.,291231,148101,134011,143130,0.904862,0.491466,churn_dominant
AETNA BETTER HEALTH INC. (GA),290865,127692,116304,163173,0.910817,0.560992,churn_dominant
"EXCELLUS HEALTH PLAN, INC.",282966,140544,137653,142422,0.97943,0.503318,churn_dominant
"SELECTHEALTH, INC.",269559,145353,145081,124206,0.998129,0.460775,churn_dominant
"AETNA BETTER HEALTH, INC. (LA)",269133,127692,118832,141441,0.930614,0.525543,churn_dominant
KAISER FDTN HLTH PLAN OF THE MID-ATLANTIC STATES,247101,67746,67061,179355,0.989889,0.725837,churn_dominant
AETNA HEALTH OF CALIFORNIA INC.,222687,63846,57339,158841,0.898083,0.713293,churn_dominant
"CIGNA HEALTHCARE OF COLORADO, INC.",222249,94527,92716,127722,0.980841,0.57468,churn_dominant
DEVOTED HEALTH PLAN OF PENNSYLVANIA INC,222213,19272,16604,202941,0.861561,0.913272,churn_dominant
AETNA BETTER HEALTH OF CALIFORNIA INC.,213090,95769,84768,117321,0.88513,0.55057,churn_dominant
"COVENTRY HEALTH CARE OF ILLINOIS, INC.",211029,104637,93686,106392,0.895343,0.504158,churn_dominant
AETNA HEALTH INC. (TX),201768,105537,95417,96231,0.904109,0.476939,churn_dominant
"CENTRAL HEALTH PLAN OF CALIFORNIA, INC.",200886,106365,94459,94521,0.888065,0.470521,churn_dominant
Highmark Western and Northeastern New York Inc.,183930,46830,45177,137100,0.964702,0.745392,churn_dominant
"WELLCARE HEALTH INSURANCE OF ARIZONA, INC.",183450,47346,46386,136104,0.979724,0.741913,churn_dominant
QUARTZ HEALTH PLAN CORPORATION,177990,79920,79871,98070,0.999387,0.550986,churn_dominant
"TRIPLE S ADVANTAGE, INC.",175846,91488,91456,84358,0.99965,0.479727,churn_dominant
KAISER FOUNDATION HEALTH PLAN OF WASHINGTON,175302,67746,67439,107556,0.995468,0.613547,churn_dominant
"SUPERIOR HEALTHPLAN, INC.",174609,75816,73857,98793,0.974161,0.565796,churn_dominant
AETNA HEALTH OF MICHIGAN INC.,168204,84255,75680,83949,0.898226,0.49909,churn_dominant
"MVP HEALTH PLAN, INC.",168198,39666,36161,128532,0.911637,0.764171,churn_dominant
"DEVOTED HEALTH PLAN OF OHIO, INC.",167190,90558,76276,76632,0.842289,0.458353,churn_dominant
UCARE MINNESOTA,163152,18630,18592,144522,0.99796,0.885812,churn_dominant
DEVOTED HEALTH PLAN OF MISSOURI INC,162936,77088,69112,85848,0.896534,0.526882,churn_dominant
HIGHMARK SENIOR SOLUTIONS COMPANY,162756,38124,37748,124632,0.990137,0.76576,churn_dominant
COMMUNITY INSURANCE COMPANY,162180,61056,59625,101124,0.976562,0.623529,churn_dominant
GHS INSURANCE COMPANY,153417,40161,39784,113256,0.990613,0.738223,churn_dominant
DEVOTED HEALTH INSURANCE COMPANY OF INDIANA,152922,77088,66295,75834,0.859991,0.4959,churn_dominant
SENTARA HEALTH PLANS,151404,19434,19230,131970,0.989503,0.871641,churn_dominant
DEVOTED HEALTH INSURANCE COMPANY OF TENNESSEE INC,145566,69582,60261,75984,0.866043,0.52199,churn_dominant
"DOCTORS HEALTHCARE PLANS, INC.",139734,51210,47674,88524,0.930951,0.633518,churn_dominant
"MARTIN'S POINT GENERATIONS ADVANTAGE, INC.",132420,28728,26686,103692,0.92892,0.783054,churn_dominant
"ANTHEM HEALTH PLANS, INC.",128961,30528,29807,98433,0.976382,0.763277,churn_dominant
"COVENTRY HEALTH CARE OF KANSAS, INC.",123417,63846,60270,59571,0.94399,0.482681,churn_dominant
DEVOTED HEALTH INSURANCE COMPANY OF ALABAMA INC,122394,39396,34026,82998,0.863692,0.678121,churn_dominant
OH CHS SNP INC.,118995,47616,45935,71379,0.964697,0.599849,churn_dominant
GOLD KIDNEY OF ARIZONA,112815,43392,16604,69423,0.382651,0.61537,churn_dominant
"HEALTHPARTNERS, INC.",112696,36492,36484,76204,0.999781,0.676191,churn_dominant
DEVOTED HEALTH PLAN OF COLORADO INC,103641,40248,35598,63393,0.884466,0.611659,churn_dominant
AETNA HEALTH INC. (GA),89481,40818,37447,48663,0.917414,0.543836,churn_dominant
AETNA HEALTH INC. (ME),89331,31923,29858,57408,0.935313,0.642644,churn_dominant
"KEYSTONE HEALTH PLAN CENTRAL, INC.",87828,20514,20304,67314,0.989763,0.76643,churn_dominant
"MOLINA HEALTHCARE OF UTAH, INC.",83868,19560,17284,64308,0.88364,0.766776,churn_dominant
"BUCKEYE COMMUNITY HEALTH PLAN, INC.",82587,37770,36901,44817,0.976992,0.542664,churn_dominant
"WELLCARE OF SOUTH CAROLINA, INC.",82380,37770,36854,44610,0.975748,0.541515,churn_dominant
CELTIC INSURANCE COMPANY,81477,19023,18764,62454,0.986385,0.766523,churn_dominant
DEVOTED HEALTH INSURANCE COMPANY OF ARKANSAS INC,81468,38544,33720,42924,0.874844,0.526882,churn_dominant
DEVOTED HEALTH INSURANCE COMPANY OF MISSISSIPPI,81468,38544,34420,42924,0.893005,0.526882,churn_dominant
PEAK HEALTH INSURANCE CORPORATION,81180,37692,37542,43488,0.99602,0.535698,churn_dominant
BLUE CROSS & BLUE SHIELD OF RHODE ISLAND,79077,37464,37040,41613,0.988682,0.526234,churn_dominant
GEISINGER INDEMNITY INSURANCE COMPANY,77913,31617,31505,46296,0.996458,0.594201,churn_dominant
"HealthKeepers, Inc.",76443,35940,35815,40503,0.996522,0.529846,churn_dominant
"SCAN HEALTH PLAN TEXAS, INC.",75240,40992,40379,34248,0.985046,0.455183,churn_dominant
QCC INSURANCE COMPANY,73638,29970,29940,43668,0.998999,0.593009,churn_dominant
HEALTH NET LIFE INSURANCE COMPANY,70821,28329,27547,42492,0.972396,0.599992,churn_dominant
"WELLMARK ADVANTAGE HEALTH PLAN, INC.",69795,18954,17572,50841,0.927087,0.728433,churn_dominant
"ALIGNMENT HEALTH PLAN OF NEVADA, INC.",64812,20466,20312,44346,0.992475,0.684225,churn_dominant
"MOLINA HEALTHCARE OF ARIZONA, INC.",63624,29340,26375,34284,0.898943,0.538853,churn_dominant
MOLINA HEALTHCARE OF CALIFORNIA,62847,10101,8997,52746,0.890704,0.839276,churn_dominant
"PENNSYLVANIA HEALTH & WELLNESS, INC.",61968,28464,27740,33504,0.974564,0.540666,churn_dominant
"PERENNIAL ADVANTAGE OF COLORADO, INC.",61443,28509,28425,32934,0.997054,0.536009,churn_dominant
"MERIDIAN HEALTH PLAN OF ILLINOIS, INC.",61332,28329,27735,33003,0.979032,0.538104,churn_dominant
DEVOTED HEALTH INSURANCE COMPANY OF KENTUCKY INC,61101,28908,24832,32193,0.859001,0.526882,churn_dominant
"WELLCARE OF CALIFORNIA, INC.",60624,18894,18388,41730,0.973219,0.688341,churn_dominant
"INDEPENDENT HEALTH ASSOCIATION, INC.",60526,14340,14338,46186,0.999861,0.763077,churn_dominant
HUMANA INSURANCE COMPANY OF NEW YORK,59452,19110,17996,40342,0.941706,0.678564,churn_dominant
AETNA BETTER HEALTH OF MICHIGAN INC.,54972,21282,19276,33690,0.905742,0.612857,churn_dominant
"MOLINA HEALTHCARE OF KENTUCKY, INC.",53082,19560,16626,33522,0.85,0.631514,churn_dominant
"MOLINA HEALTHCARE OF MICHIGAN, INC.",52356,10101,8784,42255,0.869617,0.807071,churn_dominant
MOLINA HEALTHCARE OF ILLINOIS INC,52080,10101,9158,41979,0.906643,0.806048,churn_dominant
DEVOTED HEALTH INSURANCE COMPANY OF SOUTH CAROLINA INC,51618,20124,17118,31494,0.850626,0.610136,churn_dominant
WELLCARE HEALTH INSURANCE COMPANY OF WASHINGTON,51198,19164,18809,32034,0.981476,0.625689,churn_dominant
WELLCARE NATIONAL HEALTH INSURANCE COMPANY,51018,18888,18342,32130,0.971093,0.629778,churn_dominant
"MCLAREN HEALTH PLAN, INC.",49152,18834,14434,30318,0.76638,0.616821,churn_dominant
"CAPITAL DISTRICT PHYSICIANS' HEALTH PLAN, INC.",49071,19122,17944,29949,0.938396,0.61032,churn_dominant
CHAMPION HEALTH PLAN OF CALIFORNIA INC,45730,18834,7245,26896,0.384677,0.588148,churn_dominant
RENAL PAYER SOLUTIONS INC,45730,18834,7158,26896,0.380057,0.588148,churn_dominant
AETNA BETTER HEALTH OF OKLAHOMA INC.,44898,21282,19207,23616,0.9025,0.525992,churn_dominant
AETNA HEALTH OF UTAH INC.,44490,10641,9933,33849,0.933465,0.760823,churn_dominant
DEVOTED HEALTH INSURANCE COMPANY,41991,19698,17536,22293,0.890243,0.530899,churn_dominant
"ALIGN SENIOR CARE FLORIDA, INC.",41625,19008,18943,22617,0.99658,0.543351,churn_dominant
DEVOTED HEALTH INSURANCE COMPANY OF WASHINGTON,40734,19272,17276,21462,0.89643,0.526882,churn_dominant
"DEVOTED HEALTH PLAN OF ILLINOIS, INC.",40734,19272,16862,21462,0.874948,0.526882,churn_dominant
COMMUNITY HEALTH PLAN OF WASHINGTON,40308,18858,18607,21450,0.98669,0.532152,churn_dominant
VERDA HEALTH PLAN OF TEXAS INC,39324,18804,16912,20520,0.899383,0.521819,churn_dominant
"SAMARITAN HEALTH PLANS, INC.",33744,10776,10758,22968,0.99833,0.680654,churn_dominant
ANTHEM BLUE CROSS LIFE AND HEALTH INS COMPANY,32565,10176,9896,22389,0.972484,0.687517,churn_dominant
"AETNA BETTER HEALTH OF WASHINGTON, INC.",32538,10641,9590,21897,0.901231,0.672967,churn_dominant
"IMPERIAL HEALTH PLAN OF CALIFORNIA, INC.",26332,12556,12142,13776,0.967028,0.523166,churn_dominant
ORANGE COUNTY HEALTH AUTHORITY,24672,11931,444,12741,0.037214,0.516415,churn_dominant
"AmeriHealth Caritas VIP Next, Inc.",22704,10764,9870,11940,0.916945,0.525899,churn_dominant
"SELECT HEALTH OF SOUTH CAROLINA, INC.",22692,10764,10018,11928,0.930695,0.525648,churn_dominant
"COVENTRY HEALTH CARE OF VIRGINIA, INC.",22449,10641,9945,11808,0.934593,0.525992,churn_dominant
FIRST HEALTH LIFE & HEALTH INSURANCE COMPANY,22449,10641,10124,11808,0.951414,0.525992,churn_dominant
"HIGHMARK BCBSD, INC.",21363,10311,9204,11052,0.892639,0.517343,churn_dominant
GROUP HEALTH COOPERATIVE OF EAU CLAIRE,21279,10056,9869,11223,0.981404,0.527421,churn_dominant
DEVOTED HEALTH  PLAN OF OREGON,21207,10062,8656,11145,0.860266,0.525534,churn_dominant
DEVOTED HEALTH INSURANCE COMPANY OF TEXAS INC,21207,10062,9161,11145,0.910455,0.525534,churn_dominant
CARE IMPROVEMENT PLUS SOUTH CENTRAL INSURANCE CO.,3140724,2126925,2125204,1013799,0.999191,0.322791,mixed_high_activity
AETNA LIFE INSURANCE COMPANY,2904249,1740051,1562302,1164198,0.897848,0.40086,mixed_high_activity
HUMANA INSURANCE COMPANY,2064306,1541540,1462965,522766,0.949028,0.253241,mixed_high_activity
"WELLCARE PRESCRIPTION INSURANCE, INC.",1011126,597414,582271,413712,0.974652,0.40916,mixed_high_activity
"DEVOTED HEALTH PLAN OF FLORIDA, INC.",843372,568848,499790,274524,0.8786,0.325508,mixed_high_activity
AETNA HEALTH INC. (PA),809070,468123,421970,340947,0.901408,0.421406,mixed_high_activity
SCAN HEALTH PLAN,618462,409920,403506,208542,0.984353,0.337195,mixed_high_activity
"HUMANA MEDICAL PLAN, INC.",602046,388570,371646,213476,0.956445,0.354584,mixed_high_activity
"KAISER FOUNDATION HP, INC.",598584,358086,315346,240498,0.880643,0.401778,mixed_high_activity
"ARCADIAN HEALTH PLAN, INC.",591078,369460,353337,221618,0.956361,0.374939,mixed_high_activity
UHC OF CALIFORNIA,585243,390450,390141,194793,0.999209,0.332841,mixed_high_activity
COVENTRY HEALTH AND LIFE INSURANCE COMPANY,472209,317484,293386,154725,0.924097,0.327662,mixed_high_activity
"BRAVO HEALTH PENNSYLVANIA, INC.",459393,304587,296069,154806,0.972034,0.336979,mixed_high_activity
"CHA HMO, INC.",445516,273910,262909,171606,0.959837,0.385185,mixed_high_activity
HUMANA WI HEALTH ORGANIZATION INSURANCE CORP,432120,312130,297073,119990,0.95176,0.277677,mixed_high_activity
ALIGNMENT HEALTH PLAN,429591,296757,294284,132834,0.991667,0.30921,mixed_high_activity
"ZING HEALTH OF MICHIGAN, INC.",419811,297483,260073,122328,0.874245,0.291388,mixed_high_activity
"COVENTRY HEALTH CARE OF MISSOURI, INC.",383289,244743,226663,138546,0.926127,0.361466,mixed_high_activity
HEALTH CARE SERVICE CORPORATION,366819,210195,208264,156624,0.990813,0.426979,mixed_high_activity
"HEALTHKEEPERS, INC.",337029,221505,217308,115524,0.981052,0.342772,mixed_high_activity
"HUMANA BENEFIT PLAN OF ILLINOIS, INC.",333408,203840,193871,129568,0.951094,0.388617,mixed_high_activity
"CAREPLUS HEALTH PLANS, INC.",286554,210210,200447,76344,0.953556,0.266421,mixed_high_activity
"SOLIS HEALTH PLANS, INC.",262704,194883,193022,67821,0.990451,0.258165,mixed_high_activity
MEDICAL MUTUAL OF OHIO,256512,150960,149922,105552,0.993124,0.41149,mixed_high_activity
TUFTS ASSOCIATED HEALTH MAINTENANCE ORGANIZATION,250590,182142,181969,68448,0.99905,0.273147,mixed_high_activity
"PHYSICIANS HEALTH CHOICE OF TEXAS, LLC",246564,174675,174552,71889,0.999296,0.291563,mixed_high_activity
"MCS ADVANTAGE, INC.",243567,154212,148864,89355,0.96532,0.36686,mixed_high_activity
"UNITEDHEALTHCARE OF NEW YORK, INC.",235809,143850,143685,91959,0.998853,0.389972,mixed_high_activity
BCBS OF MICHIGAN MUTUAL INSURANCE COMPANY,234252,151976,151136,82276,0.994473,0.351229,mixed_high_activity
"BLUE CROSS OF CALIFORNIA PARTNERSHIP PLAN, INC.",222354,146307,142998,76047,0.977383,0.342009,mixed_high_activity
"UPMC HEALTH PLAN, INC.",203067,129141,126117,73926,0.976584,0.364047,mixed_high_activity
AETNA HEALTH INC. (NY),202521,147228,132843,55293,0.902294,0.273024,mixed_high_activity
"BLUECROSS BLUESHIELD OF TENNESSEE, INC.",198828,138600,125700,60228,0.906926,0.302915,mixed_high_activity
BLUE CROSS AND BLUE SHIELD OF NORTH CAROLINA,195906,141555,140591,54351,0.99319,0.277434,mixed_high_activity
"WELLCARE OF TEXAS, INC.",186594,123198,119450,63396,0.969577,0.339754,mixed_high_activity
"MMM HEALTHCARE, LLC",159088,96768,94785,62320,0.979508,0.391733,mixed_high_activity
"UPMC HEALTH NETWORK, INC.",158907,117813,114863,41094,0.97496,0.258604,mixed_high_activity
"DEVOTED HEALTH PLAN OF ARIZONA, INC.",156711,89706,79367,67005,0.884746,0.42757,mixed_high_activity
"UNITEDHEALTHCARE COMMUNITY PLAN OF TEXAS, L.L.C.",145356,92475,92403,52881,0.999221,0.363803,mixed_high_activity
COMPCARE HEALTH SERVICES INSURANCE CORPORATION,142398,91584,89771,50814,0.980204,0.356845,mixed_high_activity
"HMO COLORADO, INC.",135924,77928,76501,57996,0.981688,0.42668,mixed_high_activity
"WELLCARE OF GEORGIA, INC.",135129,94845,92093,40284,0.970984,0.298115,mixed_high_activity
HEALTH INSURANCE PLAN OF GREATER NEW YORK,134172,79704,79690,54468,0.999824,0.405957,mixed_high_activity
BLUE CARE NETWORK OF MICHIGAN,128898,87840,87108,41058,0.991667,0.318531,mixed_high_activity
"HEALTH NET OF CALIFORNIA, INC.",123432,75540,73639,47892,0.974835,0.388003,mixed_high_activity
Health Care Service Corporation,120738,74130,73480,46608,0.991232,0.386026,mixed_high_activity
"ESSENCE HEALTHCARE PPO, INC.",118503,70392,69619,48111,0.989019,0.40599,mixed_high_activity
"MERIDIAN HEALTH PLAN OF MICHIGAN, INC.",114138,66105,64380,48033,0.973905,0.420833,mixed_high_activity
ALLINA HEALTH AND AETNA INSURANCE COMPANY,112692,73614,66906,39078,0.908876,0.346768,mixed_high_activity
ATRIO HEALTH PLANS,112464,75336,70949,37128,0.941768,0.330132,mixed_high_activity
"BRAVO HEALTH MID-ATLANTIC, INC.",112107,73521,71296,38586,0.969737,0.344189,mixed_high_activity
"ALIGNMENT HEALTH PLAN OF NORTH CAROLINA, INC.",109455,61398,60914,48057,0.992117,0.439057,mixed_high_activity
PROVIDENCE HEALTH ASSURANCE,107967,70875,64087,37092,0.904226,0.343549,mixed_high_activity
"ESSENCE HEALTHCARE, INC.",107610,60336,59661,47274,0.988813,0.439309,mixed_high_activity
NEW YORK QUALITY HEALTHCARE CORPORATION,104214,66510,64581,37704,0.970997,0.361794,mixed_high_activity
DEVOTED HEALTH INSURANCE COMPANY OF GEORGIA INC,102174,57816,51268,44358,0.886744,0.434142,mixed_high_activity
"Devoted of Illinois, Inc.",102174,57816,52150,44358,0.901999,0.434142,mixed_high_activity
"HEALTH PARTNERS PLANS, INC.",96975,59337,53973,37638,0.909601,0.388121,mixed_high_activity
MEDICA INSURANCE COMPANY,96873,69804,68717,27069,0.984428,0.279428,mixed_high_activity
ALIGNMENT HEALTH INSURANCE COMPANY OF ARIZONA INC,87684,51165,50700,36519,0.990912,0.416484,mixed_high_activity
"ASTIVA HEALTH, INC.",79368,56502,56499,22866,0.999947,0.288101,mixed_high_activity
PRESBYTERIAN HEALTH PLAN,79254,47160,45496,32094,0.964716,0.404951,mixed_high_activity
"SCAN DESERT HEALTH PLAN, INC.",75858,51240,50363,24618,0.982884,0.324527,mixed_high_activity
SUMMACARE INC.,68246,43536,40598,24710,0.932516,0.362073,mixed_high_activity
"GLOBALHEALTH, INC.",65808,48186,48186,17622,1.0,0.267779,mixed_high_activity
"AMH HEALTH, LLC",65784,40704,40153,25080,0.986463,0.381248,mixed_high_activity
"WELLCARE HEALTH PLANS OF NEW JERSEY, INC.",61980,37764,36934,24216,0.978021,0.390707,mixed_high_activity
"LEON HEALTH, INC.",56484,39972,36780,16512,0.920144,0.292331,mixed_high_activity
"HUMANA EMPLOYERS HEALTH PLAN OF GEORGIA, INC.",55496,38220,35782,17276,0.936211,0.311302,mixed_high_activity
"UNITEDHEALTHCARE OF NEW ENGLAND, INC.",55440,30825,30798,24615,0.999124,0.443994,mixed_high_activity
"WELLPOINT NEW JERSEY, INC.",54711,30528,29630,24183,0.970584,0.442013,mixed_high_activity
"CENTRAL MASS HEALTH, LLC",54426,39258,37775,15168,0.962224,0.27869,mixed_high_activity
"BOSTON MEDICAL CENTER HEALTH PLAN, INC.",54135,40224,39764,13911,0.988564,0.256969,mixed_high_activity
PROMINENCE HEALTHFIRST OF FLORIDA INC,51327,29277,29271,22050,0.999795,0.429598,mixed_high_activity
HAWAII MEDICAL SERVICE ASSOCIATION,51321,38280,35174,13041,0.918861,0.254107,mixed_high_activity
"SECURITY HEALTH PLAN OF WISCONSIN, INC.",49392,35952,35949,13440,0.999917,0.272109,mixed_high_activity
"HUMANA MEDICAL PLAN OF MICHIGAN, INC.",48670,31850,30165,16820,0.947096,0.345593,mixed_high_activity
"UNITEDHEALTHCARE COMMUNITY PLAN, INC.",44784,30825,30789,13959,0.998832,0.311696,mixed_high_activity
THP INSURANCE COMPANY,43065,30168,29888,12897,0.990719,0.299478,mixed_high_activity
VILLAGE SENIOR SERVICES CORPORATION,42483,28329,26595,14154,0.938791,0.333169,mixed_high_activity
DEVOTED HEALTH INSURANCE COMPANY OF COLORADO INC,42378,30186,26763,12192,0.886603,0.287696,mixed_high_activity
QUARTZ HEALTH PLAN MN CORPORATION,42324,29970,29943,12354,0.999099,0.291891,mixed_high_activity
ALIGN SENIOR CARE CALIFORNIA INC.,42006,28509,28413,13497,0.996633,0.321311,mixed_high_activity
CAPITAL HEALTH PLAN,41853,29904,29721,11949,0.99388,0.285499,mixed_high_activity
"WELLCARE HEALTH INSURANCE OF NORTH CAROLINA, INC.",41703,28605,27808,13098,0.972138,0.314078,mixed_high_activity
AMERIHEALTH INSURANCE COMPANY OF NEW JERSEY,41526,27522,27510,14004,0.999564,0.337235,mixed_high_activity
"PARAMOUNT CARE, INC.",41235,28713,25142,12522,0.875631,0.303674,mixed_high_activity
SHARP HEALTH PLAN,40761,28710,26013,12051,0.906061,0.29565,mixed_high_activity
ASPIRE HEALTH PLAN,39136,23232,21432,15904,0.922521,0.406378,mixed_high_activity
"HUMANA HEALTH INSURANCE COMPANY OF FLORIDA, INC.",35022,25480,24314,9542,0.954239,0.272457,mixed_high_activity
PROVIDER PARTNERS HEALTH PLAN OF INDIANA,33867,25281,25281,8586,1.0,0.253521,mixed_high_activity
"PROVIDER PARTNERS HEALTH PLAN OF MISSOURI, INC.",33867,25281,25272,8586,0.999644,0.253521,mixed_high_activity
PROVIDER PARTNERS HEALTH PLAN OF NORTH CAROLINA,33867,25281,25281,8586,1.0,0.253521,mixed_high_activity
"PROVIDER PARTNERS HEALTH PLAN OF PENNSYLVANIA, INC",33867,25281,25281,8586,1.0,0.253521,mixed_high_activity
"PROVIDER PARTNERS HEALTH PLAN, INC.",33867,25281,25281,8586,1.0,0.253521,mixed_high_activity
"UNITEDHEALTHCARE COMMUNITY PLAN OF OHIO, INC.",33444,20550,20535,12894,0.99927,0.38554,mixed_high_activity
"UNITEDHEALTHCARE PLAN OF THE RIVER VALLEY, INC.",33408,20550,20532,12858,0.999124,0.384878,mixed_high_activity
"WELLPOINT IOWA, INC.",32892,20352,20054,12540,0.985358,0.381248,mixed_high_activity
"WELLPOINT WASHINGTON, INC.",32892,20352,20052,12540,0.985259,0.381248,mixed_high_activity
LOUISIANA HEALTH SERVICE & INDEMNITY COMPANY,32106,20142,19962,11964,0.991063,0.372641,mixed_high_activity
"HEALTH NET COMMUNITY SOLUTIONS, INC.",31476,19164,18802,12312,0.98111,0.391155,mixed_high_activity
"ALIGN SENIOR CARE MI, LLC",31410,19008,18922,12402,0.995476,0.394842,mixed_high_activity
ETERNALHEALTH OF ARIZONA INC,31410,19860,19848,11550,0.999396,0.367717,mixed_high_activity
"ISNP VENTURES, LLC",31407,19005,18933,12402,0.996212,0.39488,mixed_high_activity
"SENIOR WHOLE HEALTH, LLC",31230,19620,18554,11610,0.945668,0.371758,mixed_high_activity
MANAGED HEALTH SERVICES INSURANCE CORP.,31086,19164,18664,11922,0.973909,0.383517,mixed_high_activity
"SELECTCARE OF TEXAS, INC.",30912,18882,18457,12030,0.977492,0.389169,mixed_high_activity
SECUR INC,30651,18624,18554,12027,0.996241,0.392385,mixed_high_activity
HUMANA INSURANCE COMPANY OF KENTUCKY,27972,19110,18378,8862,0.961695,0.316817,mixed_high_activity
"HUMANA MEDICAL PLAN OF UTAH, INC.",27972,19110,18187,8862,0.951701,0.316817,mixed_high_activity
DEVOTED HEALTH PLAN OF NORTH CAROLINA INC,196170,108126,91124,88044,0.842758,0.448815,mixed_moderate
DEVOTED HEALTH PLAN OF TENNESSEE INC,107154,80496,69931,26658,0.868751,0.248782,mixed_moderate
"KAISER FOUNDATION HP OF GA, INC.",85251,67746,60091,17505,0.887004,0.205335,mixed_moderate
GOLD KIDNEY OF FLORIDA INC,79770,65088,24134,14682,0.37079,0.184054,mixed_moderate
DEVOTED HEALTH INSURANCE COMPANY OF PENNSYLVANIA INC,73407,58668,51384,14739,0.875844,0.200785,mixed_moderate
DEVOTED HEALTH PLAN OF ALABAMA INC,64728,60372,51844,4356,0.858742,0.067297,mixed_moderate
DEVOTED HEALTH PLAN OF OREGON INC,62214,48606,42927,13608,0.883163,0.218729,mixed_moderate
AETNA HEALTH INC. (NJ),57000,53205,45982,3795,0.864242,0.066579,mixed_moderate
"HPMP OF FLORIDA, INC.",52560,48870,38656,3690,0.790997,0.070205,mixed_moderate
CHINESE COMMUNITY HEALTH PLAN,49965,47085,37381,2880,0.793905,0.05764,mixed_moderate
"DEVOTED HEALTH INSURANCE COMPANY OF ARIZONA, INC.",42717,39822,35399,2895,0.888931,0.067772,mixed_moderate
VNS CHOICE,32847,31113,12421,1734,0.399222,0.05279,mixed_moderate
"METROPLUS HEALTH PLAN, INC.",31830,29301,24686,2529,0.842497,0.079453,mixed_moderate
VOLUNTEER STATE HEALTH PLAN,30825,28854,25491,1971,0.883448,0.063942,mixed_moderate
TRINITY HEALTH PLAN OF MICHIGAN INC,21552,20112,18090,1440,0.899463,0.066815,mixed_moderate
DEVOTED HEALTH PLAN OF OHIO INC,21141,19698,16677,1443,0.846634,0.068256,mixed_moderate
DEVOTED HEALTH PLAN OF SOUTH CAROLINA INC,21141,19698,16764,1443,0.851051,0.068256,mixed_moderate
"CAREFIRST ADVANTAGE PPO, INC.",20550,19140,14820,1410,0.774295,0.068613,mixed_moderate
"DENVER HEALTH MEDICAL PLAN, INC.",19986,18834,16554,1152,0.878942,0.05764,mixed_moderate
AETNA HEALTH INC. (LA),11400,10641,9353,759,0.878959,0.066579,mixed_moderate
"UNITEDHEALTHCARE OF WISCONSIN, INC.",1703466,1284375,1283368,419091,0.999216,0.246023,repricing_dominant
"SIERRA HEALTH AND LIFE INSURANCE COMPANY, INC.",1255065,945300,944458,309765,0.999109,0.246812,repricing_dominant
"UnitedHealthcare Benefits of Texas, Inc.",770391,657600,657003,112791,0.999092,0.146407,repricing_dominant
UNITEDHEALTHCARE INS. CO. & UHC INS. CO. OF NY,716958,645864,645239,71094,0.999032,0.099161,repricing_dominant
Humana Insurance Co. & Humana Insurance Co. of NY,668604,571494,542347,97110,0.948999,0.145243,repricing_dominant
SILVERSCRIPT INSURANCE COMPANY,588534,476604,430124,111930,0.902477,0.190184,repricing_dominant
"UNITEDHEALTHCARE OF THE MIDLANDS, INC.",553293,431550,431205,121743,0.999201,0.220034,repricing_dominant
"PREFERRED CARE PARTNERS, INC.",398025,359625,359388,38400,0.999341,0.096476,repricing_dominant
PRIORITY HEALTH,394377,327420,322938,66957,0.986311,0.169779,repricing_dominant
"FREEDOM HEALTH, INC.",266889,232473,228114,34416,0.981249,0.128952,repricing_dominant
AETNA HEALTH AND LIFE INSURANCE COMPANY,261327,228864,207846,32463,0.908164,0.124224,repricing_dominant
BLUE CROSS OF CALIFORNIA,254880,216588,212045,38292,0.979025,0.150235,repricing_dominant
"HARMONY HEALTH PLAN,  INC.",220263,180255,175652,40008,0.974464,0.181637,repricing_dominant
"WELLPOINT TEXAS, INC.",204561,158601,155925,45960,0.983127,0.224676,repricing_dominant
"UNITEDHEALTHCARE OF THE ROCKIES, INC.",202866,154125,154001,48741,0.999195,0.240262,repricing_dominant
HCSC INSURANCE SERVICES COMPANY,201531,177705,176357,23826,0.992414,0.118225,repricing_dominant
MEDICA HEALTH PLANS,194325,149670,147663,44655,0.98659,0.229795,repricing_dominant
CALIFORNIA PHYSICIANS' SERVICE,176196,132480,125536,43716,0.947585,0.24811,repricing_dominant
"HUMANA HEALTH BENEFIT PLAN OF LOUISIANA, INC.",175342,140140,134627,35202,0.960661,0.200762,repricing_dominant
"FLORIDA BLUE MEDICARE, INC.",169497,129978,123078,39519,0.946914,0.233155,repricing_dominant
WELLPOINT INSURANCE COMPANY,161898,139935,137195,21963,0.980419,0.135659,repricing_dominant
PACIFICSOURCE COMMUNITY HEALTH PLANS,155148,118668,112251,36480,0.945925,0.23513,repricing_dominant
"OPTIMUM HEALTHCARE, INC.",154317,145293,142285,9024,0.979297,0.058477,repricing_dominant
"BCBSM, Inc.",148740,138396,136756,10344,0.98815,0.069544,repricing_dominant
"PEOPLES HEALTH, INC.",147807,133575,133442,14232,0.999004,0.096288,repricing_dominant
"HEALTHSUN HEALTH PLANS, INC.",143526,115137,112867,28389,0.980284,0.197797,repricing_dominant
PROMINENCE HEALTHFIRST OF TEXAS,135000,117108,117096,17892,0.999898,0.132533,repricing_dominant
"HMO LOUISIANA, INC.",130464,120852,118882,9612,0.983699,0.073675,repricing_dominant
KAISER FOUNDATION HP OF CO,128829,106458,104192,22371,0.978715,0.173649,repricing_dominant
"BLUE CROSS AND BLUE SHIELD OF FLORIDA, INC.",126027,113424,112039,12603,0.987789,0.100002,repricing_dominant
"HEALTH NET OF ARIZONA, INC.",125610,113616,111381,11994,0.980328,0.095486,repricing_dominant
"ULTIMATE HEALTH PLANS, INC.",124576,96032,95928,28544,0.998917,0.229129,repricing_dominant
"MOUNT CARMEL HEALTH PLAN, INC.",118536,110616,100975,7920,0.912843,0.066815,repricing_dominant
CLOVER INSURANCE COMPANY,118422,100785,91364,17637,0.906524,0.148933,repricing_dominant
"UNITEDHEALTHCARE OF THE MID-ATLANTIC, INC.",113379,92475,92397,20904,0.999157,0.184373,repricing_dominant
"BCBS  OF MASSACHUSETTS HMO BLUE, INC.",112320,86130,78393,26190,0.910171,0.233173,repricing_dominant
HEALTH FIRST HEALTH PLANS,112188,94554,93158,17634,0.985236,0.157183,repricing_dominant
GEISINGER HEALTH PLAN,101655,94851,94580,6804,0.997143,0.066932,repricing_dominant
NETWORK HEALTH INSURANCE CORPORATION,100104,90984,90381,9120,0.993372,0.091105,repricing_dominant
REGENCE BLUECROSS BLUESHIELD OF OREGON,99252,91908,90788,7344,0.987814,0.073993,repricing_dominant
"WELLPOINT TENNESSEE, INC.",97431,79884,78086,17547,0.977492,0.180097,repricing_dominant
DEVOTED HEALTH INSURANCE COMPANY OF HAWAII INC,95787,89280,83238,6507,0.932325,0.067932,repricing_dominant
SANFORD HEALTH PLAN,95121,89370,89256,5751,0.998724,0.06046,repricing_dominant
AMERICAN PROGRESSIVE LIFE & HLTH INS COMPANY OF NY,94110,75822,73837,18288,0.97382,0.194326,repricing_dominant
AETNA HEALTH INC. (CT),91200,85128,76905,6072,0.903404,0.066579,repricing_dominant
FALLON COMMUNITY HEALTH PLAN,90744,82944,82926,7800,0.999783,0.085956,repricing_dominant
"KEYSTONE HEALTH PLAN EAST, INC.",90264,78288,78213,11976,0.999042,0.132677,repricing_dominant
"VIVA HEALTH, INC.",85449,69879,63533,15570,0.909186,0.182214,repricing_dominant
"WELLCARE HEALTH INSURANCE COMPANY OF KENTUCKY, INC",84426,76098,74178,8328,0.974769,0.098643,repricing_dominant
PROMINENCE HEALTHFIRST,83304,78072,78064,5232,0.999898,0.062806,repricing_dominant
HEALTHIER NEW JERSEY INSURANCE COMPANY,81000,74832,74214,6168,0.991742,0.076148,repricing_dominant
"COVENTRY HEALTH CARE OF NEBRASKA, INC.",79800,74487,68633,5313,0.921409,0.066579,repricing_dominant
"ANTHEM HP, LLC.",76002,69189,67359,6813,0.973551,0.089642,repricing_dominant
HEALTH ALLIANCE PLAN OF MICHIGAN,75327,60894,60145,14433,0.9877,0.191605,repricing_dominant
"HEALTHFIRST HEALTH PLAN, INC.",72135,65616,59583,6519,0.908056,0.090372,repricing_dominant
BLUECROSS AND BLUESHIELD OF SOUTH CAROLINA,71811,67242,67152,4569,0.998662,0.063625,repricing_dominant
"WELLPOINT HEALTH PLANS, INC.",71643,66120,65083,5523,0.984316,0.077091,repricing_dominant
"CONNECTICARE, INC.",70668,55872,55857,14796,0.999732,0.209373,repricing_dominant
CHRISTUS HEALTH PLAN,69534,53460,53454,16074,0.999888,0.231167,repricing_dominant
"ALTERWOOD ADVANTAGE, INC.",69006,65919,63174,3087,0.958358,0.044735,repricing_dominant
"Preferred Care Network, Inc.",68229,61650,61626,6579,0.999611,0.096425,repricing_dominant
"OXFORD HEALTH PLANS (NJ), INC.",67875,51375,51345,16500,0.999416,0.243094,repricing_dominant
SCOTT AND WHITE HEALTH PLAN,66348,61542,58960,4806,0.958045,0.072436,repricing_dominant
"ALIGNMENT HEALTH PLAN OF ARIZONA, INC.",66315,51165,50622,15150,0.989387,0.228455,repricing_dominant
"HOMETOWN HEALTH PLAN, INC.",63414,59580,59551,3834,0.999513,0.06046,repricing_dominant
"ELDERPLAN, INC.",63180,58734,53102,4446,0.90411,0.07037,repricing_dominant
"WELLCARE HEALTH INSURANCE OF CONNECTICUT, INC.",62979,56793,55079,6186,0.96982,0.098223,repricing_dominant
"SUNFLOWER STATE HEALTH PLAN, INC.",62811,47487,45960,15324,0.967844,0.24397,repricing_dominant
"ARKANSAS HEALTH & WELLNESS HEALTH PLAN, INC.",62802,47634,46734,15168,0.981106,0.241521,repricing_dominant
COORDINATED CARE CORPORATION,62577,47205,45779,15372,0.969791,0.245649,repricing_dominant
"NEBRASKA TOTAL CARE, INC.",62535,47205,46112,15330,0.976846,0.245143,repricing_dominant
BLUE CROSS BLUE SHIELD HEALTHCARE PLAN OF GEORGIA,55365,50880,49739,4485,0.977575,0.081008,repricing_dominant
"SAPPHIRE EDGE, INC.",54330,50418,49896,3912,0.989647,0.072004,repricing_dominant
"SCAN HEALTH PLAN NEVADA, INC.",54240,40992,40422,13248,0.986095,0.244248,repricing_dominant
ALLIANCE HEALTH AND LIFE INSURANCE COMPANY,54060,50745,50142,3315,0.988117,0.061321,repricing_dominant
"Mass General Brigham Health Plan, Inc.",53964,47352,47316,6612,0.99924,0.122526,repricing_dominant
"COORDINATED CARE OF WASHINGTON, INC.",52788,47628,46644,5160,0.97934,0.097749,repricing_dominant
CARE N' CARE INSURANCE COMPANY OF NORTH CAROLINA,52503,39720,39707,12783,0.999673,0.243472,repricing_dominant
"HOPKINS HEALTH ADVANTAGE, INC.",51606,48054,43716,3552,0.909727,0.068829,repricing_dominant
USABLE MUTUAL INSURANCE COMPANY,51123,47469,45382,3654,0.956034,0.071475,repricing_dominant
"COVENTRY HEALTH CARE OF WEST VIRGINIA, INC.",45600,42564,39168,3036,0.920214,0.066579,repricing_dominant
"BLUECROSS BLUESHIELD KANSAS SOLUTIONS, INC.",44268,41028,40477,3240,0.98657,0.073191,repricing_dominant
"COMMUNITYCARE GOVERNMENT PROGRAMS, INC.",44244,34596,34584,9648,0.999653,0.218063,repricing_dominant
Baylor Scott & White Insurance Company,44232,41028,39395,3204,0.960198,0.072436,repricing_dominant
REGENCE BLUESHIELD,44112,40848,40388,3264,0.988739,0.073993,repricing_dominant
SCAN HEALTH PLAN (NM),43740,40992,39784,2748,0.970531,0.062826,repricing_dominant
"THE HEALTH PLAN OF WEST VIRGINIA, INC.",43572,40224,39828,3348,0.990155,0.076838,repricing_dominant
"GATEWAY HEALTH PLAN, INC.",43296,41244,37476,2052,0.908641,0.047395,repricing_dominant
BLUE CROSS AND BLUE SHIELD OF ALABAMA,43200,40161,39378,3039,0.980503,0.070347,repricing_dominant
KAISER FOUNDATION HP OF THE N W,43032,38712,37647,4320,0.972489,0.10039,repricing_dominant
"WELLCARE HEALTH PLANS OF VERMONT, INC.",42333,38187,37097,4146,0.971456,0.097938,repricing_dominant
"HUMANA HEALTH COMPANY OF NEW YORK, INC.",42300,38220,35680,4080,0.933543,0.096454,repricing_dominant
"CLEAR SPRING HEALTH OF ILLINOIS, INC.",42276,39720,39652,2556,0.998288,0.06046,repricing_dominant
"HEALTH NEW ENGLAND, INC.",42276,39024,38996,3252,0.999282,0.076923,repricing_dominant
"HOME STATE HEALTH PLAN, INC.",42132,37770,36698,4362,0.971618,0.103532,repricing_dominant
"WELLCARE OF CONNECTICUT, INC.",42126,38046,36858,4080,0.968775,0.096852,repricing_dominant
"WELLCARE OF MAINE, INC.",42126,38052,37327,4074,0.980947,0.09671,repricing_dominant
"DEAN HEALTH PLAN, INC.",40836,36072,35920,4764,0.995786,0.116662,repricing_dominant
AETNA BETTER HEALTH OF TEXAS INC.,34200,31923,29601,2277,0.927262,0.066579,repricing_dominant
"UNITEDHEALTHCARE OF FLORIDA, INC.",34128,30825,30813,3303,0.999611,0.096783,repricing_dominant
ALIGNMENT HEALTH ADVANTAGE PLAN INC,33408,30699,30376,2709,0.989478,0.081088,repricing_dominant
"COMMUNITY CARE HEALTH PLAN OF LOUISIANA, INC.",33219,30528,29958,2691,0.981329,0.081008,repricing_dominant
AULTCARE HEALTH INSURING CORPORATION,33147,30555,30453,2592,0.996662,0.078197,repricing_dominant
PARTNERS INSURANCE COMPANY INC,32646,29808,26990,2838,0.905462,0.086933,repricing_dominant
MOUNT CARMEL HEALTH INSURANCE COMPANY,32328,30168,27680,2160,0.917529,0.066815,repricing_dominant
"MOUNT CARMEL HEALTH PLAN OF IDAHO, INC.",32328,30168,28098,2160,0.931384,0.066815,repricing_dominant
KAISER PERMANENTE INSURANCE COMPANY,32274,29034,28939,3240,0.996728,0.10039,repricing_dominant
"TRILLIUM COMMUNITY HEALTH PLAN, INC.",31914,28746,28077,3168,0.976727,0.099267,repricing_dominant
"MARQUIS ADVANTAGE, INC.",31788,28509,28426,3279,0.997089,0.103152,repricing_dominant
"PERENNIAL ADVANTAGE OF OHIO, INC.",31788,28509,28419,3279,0.996843,0.103152,repricing_dominant
"PROCARE ADVANTAGE, LLC",31788,28506,28399,3282,0.996246,0.103247,repricing_dominant
"PRUITTHEALTH PREMIER, INC.",31788,28506,28398,3282,0.996211,0.103247,repricing_dominant
"CLEAR SPRING HEALTH (GA), INC.",31707,29790,29764,1917,0.999127,0.06046,repricing_dominant
"MEDISUN, INC.",31707,29790,29781,1917,0.999698,0.06046,repricing_dominant
MERCY CARE,31518,29322,27272,2196,0.930087,0.069674,repricing_dominant
"SIMPRA ADVANTAGE, INC.",31467,28251,28159,3216,0.996743,0.102202,repricing_dominant
"LIBERTY ADVANTAGE, LLC",31455,28251,28106,3204,0.994867,0.10186,repricing_dominant
"HEALTH NET HEALTH PLAN OF OREGON, INC.",31305,28323,27440,2982,0.968824,0.095256,repricing_dominant
"USABLE HMO, INC.",30924,28719,27422,2205,0.954838,0.071304,repricing_dominant
BLUE CROSS AND BLUE SHIELD OF KANSAS,30501,28071,27775,2430,0.989455,0.07967,repricing_dominant
"PATRIUS HEALTH, INC.",30186,28170,27902,2016,0.990486,0.066786,repricing_dominant
"BAYCARE SELECT HEALTH PLANS, INC.",30024,28206,26733,1818,0.947777,0.060552,repricing_dominant
HM HEALTH INSURANCE COMPANY,25110,22578,22075,2532,0.977722,0.100836,repricing_dominant
EXCELLUS HEALTH PLAN COMMUNITY CARE LLC,24738,23208,22693,1530,0.977809,0.061848,repricing_dominant
"UPMC FOR YOU, INC",24660,20844,20287,3816,0.973278,0.154745,repricing_dominant
"VISTA HEALTH PLAN, INC.",23088,21528,20384,1560,0.94686,0.067568,repricing_dominant
"TROY HEALTH, INC.",23064,21522,21168,1542,0.983552,0.066857,repricing_dominant
"ARIZONA PHYSICIANS IPA, INC.",22752,20550,20526,2202,0.998832,0.096783,repricing_dominant
AMERICAN HEALTH PLAN OF IOWA INC,22644,17292,17290,5352,0.999884,0.236354,repricing_dominant
"AMERICAN HEALTH PLAN OF MISSOURI, INC.",22644,17292,17288,5352,0.999769,0.236354,repricing_dominant
"AMERICAN HEALTH PLAN OF UT, INC.",22644,17292,17292,5352,1.0,0.236354,repricing_dominant
"GEORGIA ASSURANCE, INC.",22644,17292,17292,5352,1.0,0.236354,repricing_dominant
"KANSAS SUPERIOR SELECT, INC.",22644,17292,17290,5352,0.999884,0.236354,repricing_dominant
"MISSOURI CARE, INCORPORATED",22146,20352,20099,1794,0.987569,0.081008,repricing_dominant
REGENCE BLUECROSS BLUESHIELD OF UTAH,22056,20424,20259,1632,0.991921,0.073993,repricing_dominant
"CAREPARTNERS OF CONNECTICUT, INC.",21990,20238,20214,1752,0.998814,0.079673,repricing_dominant
"ELDERSERVE HEALTH, INC.",21786,20112,19731,1674,0.981056,0.076838,repricing_dominant
LONGEVITY HEALTH PLAN OF NEW JERSEY INSURANCE COMP,21786,20112,19566,1674,0.972852,0.076838,repricing_dominant
CLOVER HMO OF NEW JERSEY INC.,21642,20196,18456,1446,0.913844,0.066815,repricing_dominant
BANNER - UNIVERSITY CARE ADVANTAGE,21576,19890,19598,1686,0.985319,0.078142,repricing_dominant
"MOUNT CARMEL HEALTH PLAN OF NEW YORK, INC.",21552,20112,18158,1440,0.902844,0.066815,repricing_dominant
PARTNERS INSURANCE COMPANY OF NEW JERSEY INC,21468,19344,17678,2124,0.913875,0.098938,repricing_dominant
"LIFEWORKS ADVANTAGE, LLC",21192,19005,18935,2187,0.996317,0.103199,repricing_dominant
"NHC ADVANTAGE, LLC",21192,19002,18926,2190,0.996,0.103341,repricing_dominant
"PRUITTHEALTH PREMIER NORTH CAROLINA, LLC",21192,19002,18919,2190,0.995632,0.103341,repricing_dominant
"HUMANA HEALTH PLAN OF OHIO, INC.",21150,19110,18288,2040,0.956986,0.096454,repricing_dominant
"CLEAR SPRING HEALTH (CO), INC.",21138,19860,19842,1278,0.999094,0.06046,repricing_dominant
"GOOD SAMARITAN INSURANCE PLAN OF NEBRASKA, INC.",21138,19860,19830,1278,0.998489,0.06046,repricing_dominant
SANFORD HEALTH PLAN OF MINNESOTA,21138,19860,19836,1278,0.998792,0.06046,repricing_dominant
"WELLCARE HEALTH INSURANCE COMPANY OF OKLAHOMA, INC.",21057,19023,18417,2034,0.968144,0.096595,repricing_dominant
"WELLCARE OF MISSISSIPPI, INC.",21048,18882,18381,2166,0.973467,0.102908,repricing_dominant
California Physicians' Service,21036,19062,18086,1974,0.948799,0.093839,repricing_dominant
"COMMUNITY FIRST HEALTH PLANS, INC.",20970,18834,18768,2136,0.996496,0.10186,repricing_dominant
"SIGNATURE ADVANTAGE, LLC",20688,19158,18548,1530,0.96816,0.073956,repricing_dominant
"TEXAS INDEPENDENCE HEALTH PLAN, INC.",20658,19188,18814,1470,0.980509,0.071159,repricing_dominant
HORIZON INSURANCE COMPANY,20283,18696,18505,1587,0.989784,0.078243,repricing_dominant
"KS PLAN ADMINISTRATORS, LLC",20166,18954,18936,1212,0.99905,0.060101,repricing_dominant
ANTHEM INSURANCE CO. & BCBSMA & BCBSRI & BCBSVT,20139,18753,17111,1386,0.912441,0.068822,repricing_dominant
MEMORIAL HERMANN HEALTH PLAN,20106,18780,17713,1326,0.943184,0.06595,repricing_dominant
COMMUNITY HEALTH GROUP,19986,18834,17142,1152,0.910162,0.05764,repricing_dominant
"NEW CENTURY HEALTH PLAN, INC.",19986,18834,18004,1152,0.955931,0.05764,repricing_dominant
VISITING NURSE ASSOCIATION OF CENTRAL NEW YORK,19716,18834,18332,882,0.973346,0.044735,repricing_dominant
BCBS OF ALABAMA & UTIC INSURANCE COMPANY,19668,18042,17870,1626,0.990467,0.082672,repricing_dominant
"ARKANSAS SUPERIOR SELECT, INC.",19566,18030,17382,1536,0.96406,0.078504,repricing_dominant
"HAMASPIK, INC.",18204,17344,16874,860,0.972901,0.047242,repricing_dominant
SOUTH COUNTRY HEALTH ALLIANCE,15292,14316,14184,976,0.99078,0.063824,repricing_dominant
"HUMANA REGIONAL HEALTH PLAN, INC.",14100,12740,12378,1360,0.971586,0.096454,repricing_dominant
PRIMEWEST RURAL MN HEALTH CARE ACCESS INITIATIVE,13324,12556,11888,768,0.946798,0.05764,repricing_dominant
"UPMC HEALTH COVERAGE, INC.",12330,10422,10175,1908,0.9763,0.154745,repricing_dominant
"HEALTH PLAN OF CAREOREGON, INC.",11919,11139,11124,780,0.998653,0.065442,repricing_dominant
AMERIHEALTH CARITAS FLORIDA INC,11544,10764,10189,780,0.946581,0.067568,repricing_dominant
SAN MATEO HEALTH COMMISSION,11472,10795,10341,677,0.957943,0.059013,repricing_dominant
AETNA BETTER HEALTH INC. (NJ),11400,10641,9741,759,0.915421,0.066579,repricing_dominant
AETNA HEALTH INC.(GA),11400,10641,9659,759,0.907715,0.066579,repricing_dominant
AETNA HEALTH OF IOWA INC.,11400,10641,9993,759,0.939103,0.066579,repricing_dominant
BLUE CROSS AND BLUE SHIELD OF NC SENIOR HEALTH,11067,10239,10163,828,0.992577,0.074817,repricing_dominant
HMO Minnesota,11046,10257,10130,789,0.987618,0.071429,repricing_dominant
"GHS HEALTH MAINTENANCE ORGANIZATION, INC.",11043,10257,10188,786,0.993273,0.071176,repricing_dominant
ILLINOIS BLUE CROSS BLUE SHIELD INSURANCE COMPANY,11043,10257,10157,786,0.990251,0.071176,repricing_dominant
"LONGEVITY HEALTH PLAN OF COLORADO, INC.",10893,10056,9836,837,0.978123,0.076838,repricing_dominant
"LONGEVITY HEALTH PLAN OF FLORIDA, INC.",10893,10056,9905,837,0.984984,0.076838,repricing_dominant
"LONGEVITY HEALTH PLAN OF ILLINOIS, INC.",10893,10056,9883,837,0.982796,0.076838,repricing_dominant
"LONGEVITY HEALTH PLAN OF MICHIGAN, INC.",10893,10056,9876,837,0.9821,0.076838,repricing_dominant
"LONGEVITY HEALTH PLAN OF NEW YORK, INC.",10893,10056,9858,837,0.98031,0.076838,repricing_dominant
"LONGEVITY HEALTH PLAN OF NORTH CAROLINA, INC.",10893,10056,9831,837,0.977625,0.076838,repricing_dominant
